X,Y,month,day,FFMC,DMC,DC,ISI,temp,RH,wind,rain,area,catFFMC,catDMC,catDC,catISI,newArea,cat_newArea,dewpoint,newrain
7,5,mar,fri,86.2,26.2,94.3,5.1,8.2,51,6.7,0,0,high,low,low,low,0,0,-0.8,no
7,4,oct,tue,90.6,35.4,669.1,6.7,18,33,0.9,0,0,extreme,high,extreme,low,0,0,5,no
7,4,oct,sat,90.6,43.7,686.9,6.7,14.6,33,1.3,0,0,extreme,extreme,extreme,low,0,0,1.6,no
8,6,mar,fri,91.7,33.3,77.5,9,8.3,97,4,0.2,0,extreme,high,low,low,0,0,8.3,yes
8,6,mar,sun,89.3,51.3,102.2,9.6,11.4,99,1.8,0,0,high,extreme,low,low,0,0,11.4,no
8,6,aug,sun,92.3,85.3,488,14.7,22.2,29,5.4,0,0,extreme,extreme,extreme,high,0,0,8.2,no
8,6,aug,mon,92.3,88.9,495.6,8.5,24.1,27,3.1,0,0,extreme,extreme,extreme,low,0,0,10.1,no
8,6,aug,mon,91.5,145.4,608.2,10.7,8,86,2.2,0,0,extreme,extreme,extreme,high,0,0,6,no
8,6,sep,tue,91,129.5,692.6,7,13.1,63,5.4,0,0,extreme,extreme,extreme,low,0,0,6.1,no
7,5,sep,sat,92.5,88,698.6,7.1,22.8,40,4,0,0,extreme,extreme,extreme,low,0,0,10.8,no
7,5,sep,sat,92.5,88,698.6,7.1,17.8,51,7.2,0,0,extreme,extreme,extreme,low,0,0,8.8,no
7,5,sep,sat,92.8,73.2,713,22.6,19.3,38,4,0,0,extreme,extreme,extreme,extreme,0,0,7.3,no
6,5,aug,fri,63.5,70.8,665.3,0.8,17,72,6.7,0,0,low,extreme,extreme,low,0,0,12,no
6,5,sep,mon,90.9,126.5,686.5,7,21.3,42,2.2,0,0,extreme,extreme,extreme,low,0,0,10.3,no
6,5,sep,wed,92.9,133.3,699.6,9.2,26.4,21,4.5,0,0,extreme,extreme,extreme,low,0,0,11.4,no
6,5,sep,fri,93.3,141.2,713.9,13.9,22.9,44,5.4,0,0,extreme,extreme,extreme,high,0,0,11.9,no
5,5,mar,sat,91.7,35.8,80.8,7.8,15.1,27,5.4,0,0,extreme,high,low,low,0,0,1.1,no
8,5,oct,mon,84.9,32.8,664.2,3,16.7,47,4.9,0,0,high,high,extreme,low,0,0,6.7,no
6,4,mar,wed,89.2,27.9,70.8,6.3,15.9,35,4,0,0,high,low,low,low,0,0,2.9,no
6,4,apr,sat,86.3,27.4,97.1,5.1,9.3,44,4.5,0,0,high,low,low,low,0,0,-1.7,no
6,4,sep,tue,91,129.5,692.6,7,18.3,40,2.7,0,0,extreme,extreme,extreme,low,0,0,6.3,no
5,4,sep,mon,91.8,78.5,724.3,9.2,19.1,38,2.7,0,0,extreme,extreme,extreme,low,0,0,7.1,no
7,4,jun,sun,94.3,96.3,200,56.1,21,44,4.5,0,0,extreme,extreme,extreme,extreme,0,0,10,no
7,4,aug,sat,90.2,110.9,537.4,6.2,19.5,43,5.8,0,0,extreme,extreme,extreme,low,0,0,8.5,no
7,4,aug,sat,93.5,139.4,594.2,20.3,23.7,32,5.8,0,0,extreme,extreme,extreme,extreme,0,0,10.7,no
7,4,aug,sun,91.4,142.4,601.4,10.6,16.3,60,5.4,0,0,extreme,extreme,extreme,high,0,0,8.3,no
7,4,sep,fri,92.4,117.9,668,12.2,19,34,5.8,0,0,extreme,extreme,extreme,high,0,0,6,no
7,4,sep,mon,90.9,126.5,686.5,7,19.4,48,1.3,0,0,extreme,extreme,extreme,low,0,0,9.4,no
6,3,sep,sat,93.4,145.4,721.4,8.1,30.2,24,2.7,0,0,extreme,extreme,extreme,low,0,0,15.2,no
6,3,sep,sun,93.5,149.3,728.6,8.1,22.8,39,3.6,0,0,extreme,extreme,extreme,low,0,0,10.8,no
6,3,sep,fri,94.3,85.1,692.3,15.9,25.4,24,3.6,0,0,extreme,extreme,extreme,high,0,0,10.4,no
6,3,sep,mon,88.6,91.8,709.9,7.1,11.2,78,7.6,0,0,high,extreme,extreme,low,0,0,7.2,no
6,3,sep,fri,88.6,69.7,706.8,5.8,20.6,37,1.8,0,0,high,extreme,extreme,low,0,0,8.6,no
6,3,sep,sun,91.7,75.6,718.3,7.8,17.7,39,3.6,0,0,extreme,extreme,extreme,low,0,0,5.7,no
6,3,sep,mon,91.8,78.5,724.3,9.2,21.2,32,2.7,0,0,extreme,extreme,extreme,low,0,0,8.2,no
6,3,sep,tue,90.3,80.7,730.2,6.3,18.2,62,4.5,0,0,extreme,extreme,extreme,low,0,0,11.2,no
6,3,oct,tue,90.6,35.4,669.1,6.7,21.7,24,4.5,0,0,extreme,high,extreme,low,0,0,6.7,no
7,4,oct,fri,90,41.5,682.6,8.7,11.3,60,5.4,0,0,extreme,extreme,extreme,low,0,0,3.3,no
7,3,oct,sat,90.6,43.7,686.9,6.7,17.8,27,4,0,0,extreme,extreme,extreme,low,0,0,3.8,no
4,4,mar,tue,88.1,25.7,67.6,3.8,14.1,43,2.7,0,0,high,low,low,low,0,0,3.1,no
4,4,jul,tue,79.5,60.6,366.7,1.5,23.3,37,3.1,0,0,high,extreme,extreme,low,0,0,11.3,no
4,4,aug,sat,90.2,96.9,624.2,8.9,18.4,42,6.7,0,0,extreme,extreme,extreme,low,0,0,7.4,no
4,4,aug,tue,94.8,108.3,647.1,17,16.6,54,5.4,0,0,extreme,extreme,extreme,extreme,0,0,7.6,no
4,4,sep,sat,92.5,88,698.6,7.1,19.6,48,2.7,0,0,extreme,extreme,extreme,low,0,0,9.6,no
4,4,sep,wed,90.1,82.9,735.7,6.2,12.9,74,4.9,0,0,extreme,extreme,extreme,low,0,0,7.9,no
5,6,sep,wed,94.3,85.1,692.3,15.9,25.9,24,4,0,0,extreme,extreme,extreme,high,0,0,10.9,no
5,6,sep,mon,90.9,126.5,686.5,7,14.7,70,3.6,0,0,extreme,extreme,extreme,low,0,0,8.7,no
6,6,jul,mon,94.2,62.3,442.9,11,23,36,3.1,0,0,extreme,extreme,extreme,high,0,0,11,no
4,4,mar,mon,87.2,23.9,64.7,4.1,11.8,35,1.8,0,0,high,low,low,low,0,0,-1.2,no
4,4,mar,mon,87.6,52.2,103.8,5,11,46,5.8,0,0,high,extreme,low,low,0,0,1,no
4,4,sep,thu,92.9,137,706.4,9.2,20.8,17,1.3,0,0,extreme,extreme,extreme,low,0,0,4.8,no
4,3,aug,sun,90.2,99.6,631.2,6.3,21.5,34,2.2,0,0,extreme,extreme,extreme,low,0,0,8.5,no
4,3,aug,wed,92.1,111.2,654.1,9.6,20.4,42,4.9,0,0,extreme,extreme,extreme,low,0,0,9.4,no
4,3,aug,wed,92.1,111.2,654.1,9.6,20.4,42,4.9,0,0,extreme,extreme,extreme,low,0,0,9.4,no
4,3,aug,thu,91.7,114.3,661.3,6.3,17.6,45,3.6,0,0,extreme,extreme,extreme,low,0,0,6.6,no
4,3,sep,thu,92.9,137,706.4,9.2,27.7,24,2.2,0,0,extreme,extreme,extreme,low,0,0,12.7,no
4,3,sep,tue,90.3,80.7,730.2,6.3,17.8,63,4.9,0,0,extreme,extreme,extreme,low,0,0,10.8,no
4,3,oct,sun,92.6,46.5,691.8,8.8,13.8,50,2.7,0,0,extreme,extreme,extreme,low,0,0,3.8,no
2,2,feb,mon,84,9.3,34,2.1,13.9,40,5.4,0,0,high,low,low,low,0,0,1.9,no
2,2,feb,fri,86.6,13.2,43,5.3,12.3,51,0.9,0,0,high,low,low,low,0,0,3.3,no
2,2,mar,sun,89.3,51.3,102.2,9.6,11.5,39,5.8,0,0,high,extreme,low,low,0,0,-0.5,no
2,2,mar,sun,89.3,51.3,102.2,9.6,5.5,59,6.3,0,0,high,extreme,low,low,0,0,-2.5,no
2,2,aug,thu,93,75.3,466.6,7.7,18.8,35,4.9,0,0,extreme,extreme,extreme,low,0,0,5.8,no
2,2,aug,sun,90.2,99.6,631.2,6.3,20.8,33,2.7,0,0,extreme,extreme,extreme,low,0,0,7.8,no
2,2,aug,mon,91.1,103.2,638.8,5.8,23.1,31,3.1,0,0,extreme,extreme,extreme,low,0,0,10.1,no
2,2,aug,thu,91.7,114.3,661.3,6.3,18.6,44,4.5,0,0,extreme,extreme,extreme,low,0,0,7.6,no
2,2,sep,fri,92.4,117.9,668,12.2,23,37,4.5,0,0,extreme,extreme,extreme,high,0,0,11,no
2,2,sep,fri,92.4,117.9,668,12.2,19.6,33,5.4,0,0,extreme,extreme,extreme,high,0,0,6.6,no
2,2,sep,fri,92.4,117.9,668,12.2,19.6,33,6.3,0,0,extreme,extreme,extreme,high,0,0,6.6,no
4,5,mar,fri,91.7,33.3,77.5,9,17.2,26,4.5,0,0,extreme,high,low,low,0,0,3.2,no
4,5,mar,fri,91.2,48.3,97.8,12.5,15.8,27,7.6,0,0,extreme,extreme,low,high,0,0,1.8,no
4,5,sep,fri,94.3,85.1,692.3,15.9,17.7,37,3.6,0,0,extreme,extreme,extreme,high,0,0,5.7,no
5,4,mar,fri,91.7,33.3,77.5,9,15.6,25,6.3,0,0,extreme,high,low,low,0,0,0.6,no
5,4,aug,tue,88.8,147.3,614.5,9,17.3,43,4.5,0,0,high,extreme,extreme,low,0,0,6.3,no
5,4,sep,fri,93.3,141.2,713.9,13.9,27.6,30,1.3,0,0,extreme,extreme,extreme,high,0,0,13.6,no
9,9,feb,thu,84.2,6.8,26.6,7.7,6.7,79,3.1,0,0,high,low,low,low,0,0,2.7,no
9,9,feb,fri,86.6,13.2,43,5.3,15.7,43,3.1,0,0,high,low,low,low,0,0,4.7,no
1,3,mar,mon,87.6,52.2,103.8,5,8.3,72,3.1,0,0,high,extreme,low,low,0,0,3.3,no
1,2,aug,fri,90.1,108,529.8,12.5,14.7,66,2.7,0,0,extreme,extreme,extreme,high,0,0,8.7,no
1,2,aug,tue,91,121.2,561.6,7,21.6,19,6.7,0,0,extreme,extreme,extreme,low,0,0,5.6,no
1,2,aug,sun,91.4,142.4,601.4,10.6,19.5,39,6.3,0,0,extreme,extreme,extreme,high,0,0,7.5,no
1,2,aug,sun,90.2,99.6,631.2,6.3,17.9,44,2.2,0,0,extreme,extreme,extreme,low,0,0,6.9,no
1,2,aug,tue,94.8,108.3,647.1,17,18.6,51,4.5,0,0,extreme,extreme,extreme,extreme,0,0,9.6,no
1,2,aug,wed,92.1,111.2,654.1,9.6,16.6,47,0.9,0,0,extreme,extreme,extreme,low,0,0,6.6,no
1,2,aug,thu,91.7,114.3,661.3,6.3,20.2,45,3.6,0,0,extreme,extreme,extreme,low,0,0,9.2,no
1,2,sep,thu,92.9,137,706.4,9.2,21.5,15,0.9,0,0,extreme,extreme,extreme,low,0,0,4.5,no
1,2,sep,thu,92.9,137,706.4,9.2,25.4,27,2.2,0,0,extreme,extreme,extreme,low,0,0,11.4,no
1,2,sep,thu,92.9,137,706.4,9.2,22.4,34,2.2,0,0,extreme,extreme,extreme,low,0,0,9.4,no
1,2,sep,sun,93.5,149.3,728.6,8.1,25.3,36,3.6,0,0,extreme,extreme,extreme,low,0,0,13.3,no
6,5,mar,sat,91.7,35.8,80.8,7.8,17.4,25,4.9,0,0,extreme,high,low,low,0,0,2.4,no
6,5,aug,sat,90.2,96.9,624.2,8.9,14.7,59,5.8,0,0,extreme,extreme,extreme,low,0,0,6.7,no
8,6,mar,fri,91.7,35.8,80.8,7.8,17.4,24,5.4,0,0,extreme,high,low,low,0,0,2.4,no
8,6,aug,sun,92.3,85.3,488,14.7,20.8,32,6.3,0,0,extreme,extreme,extreme,high,0,0,7.8,no
8,6,aug,sun,91.4,142.4,601.4,10.6,18.2,43,4.9,0,0,extreme,extreme,extreme,high,0,0,7.2,no
8,6,aug,mon,91.1,103.2,638.8,5.8,23.4,22,2.7,0,0,extreme,extreme,extreme,low,0,0,8.4,no
4,4,sep,sun,89.7,90,704.4,4.8,17.8,64,1.3,0,0,high,extreme,extreme,low,0,0,10.8,no
3,4,feb,sat,83.9,8,30.2,2.6,12.7,48,1.8,0,0,high,low,low,low,0,0,2.7,no
3,4,mar,sat,69,2.4,15.5,0.7,17.4,24,5.4,0,0,low,low,low,low,0,0,2.4,no
3,4,aug,sun,91.4,142.4,601.4,10.6,11.6,87,4.5,0,0,extreme,extreme,extreme,high,0,0,9.6,no
3,4,aug,sun,91.4,142.4,601.4,10.6,19.8,39,5.4,0,0,extreme,extreme,extreme,high,0,0,7.8,no
3,4,aug,sun,91.4,142.4,601.4,10.6,19.8,39,5.4,0,0,extreme,extreme,extreme,high,0,0,7.8,no
3,4,aug,tue,88.8,147.3,614.5,9,14.4,66,5.4,0,0,high,extreme,extreme,low,0,0,8.4,no
2,4,aug,tue,94.8,108.3,647.1,17,20.1,40,4,0,0,extreme,extreme,extreme,extreme,0,0,8.1,no
2,4,sep,sat,92.5,121.1,674.4,8.6,24.1,29,4.5,0,0,extreme,extreme,extreme,low,0,0,10.1,no
2,4,jan,sat,82.1,3.7,9.3,2.9,5.3,78,3.1,0,0,high,low,low,low,0,0,1.3,no
4,5,mar,fri,85.9,19.5,57.3,2.8,12.7,52,6.3,0,0,high,low,low,low,0,0,3.7,no
4,5,mar,thu,91.4,30.7,74.3,7.5,18.2,29,3.1,0,0,extreme,high,low,low,0,0,4.2,no
4,5,aug,sun,90.2,99.6,631.2,6.3,21.4,33,3.1,0,0,extreme,extreme,extreme,low,0,0,8.4,no
4,5,sep,sat,92.5,88,698.6,7.1,20.3,45,3.1,0,0,extreme,extreme,extreme,low,0,0,9.3,no
4,5,sep,mon,88.6,91.8,709.9,7.1,17.4,56,5.4,0,0,high,extreme,extreme,low,0,0,9.4,no
4,4,mar,fri,85.9,19.5,57.3,2.8,13.7,43,5.8,0,0,high,low,low,low,0,0,2.7,no
3,4,mar,fri,91.7,33.3,77.5,9,18.8,18,4.5,0,0,extreme,high,low,low,0,0,2.8,no
3,4,sep,sun,89.7,90,704.4,4.8,22.8,39,3.6,0,0,high,extreme,extreme,low,0,0,10.8,no
3,4,sep,mon,91.8,78.5,724.3,9.2,18.9,35,2.7,0,0,extreme,extreme,extreme,low,0,0,5.9,no
3,4,mar,tue,88.1,25.7,67.6,3.8,15.8,27,7.6,0,0,high,low,low,low,0,0,1.8,no
3,5,mar,tue,88.1,25.7,67.6,3.8,15.5,27,6.3,0,0,high,low,low,low,0,0,1.5,no
3,4,mar,sat,91.7,35.8,80.8,7.8,11.6,30,6.3,0,0,extreme,high,low,low,0,0,-2.4,no
3,4,mar,sat,91.7,35.8,80.8,7.8,15.2,27,4.9,0,0,extreme,high,low,low,0,0,1.2,no
3,4,mar,mon,90.1,39.7,86.6,6.2,10.6,30,4,0,0,extreme,high,low,low,0,0,-3.4,no
3,4,aug,thu,93,75.3,466.6,7.7,19.6,36,3.1,0,0,extreme,extreme,extreme,low,0,0,7.6,no
3,4,aug,mon,91.5,145.4,608.2,10.7,10.3,74,2.2,0,0,extreme,extreme,extreme,high,0,0,5.3,no
3,4,aug,mon,91.5,145.4,608.2,10.7,17.1,43,5.4,0,0,extreme,extreme,extreme,high,0,0,6.1,no
3,4,sep,sun,92.4,124.1,680.7,8.5,22.5,42,5.4,0,0,extreme,extreme,extreme,low,0,0,11.5,no
3,4,sep,tue,84.4,73.4,671.9,3.2,17.9,45,3.1,0,0,high,extreme,extreme,low,0,0,6.9,no
3,4,sep,fri,94.3,85.1,692.3,15.9,19.8,50,5.4,0,0,extreme,extreme,extreme,high,0,0,9.8,no
3,4,oct,sun,92.6,46.5,691.8,8.8,20.6,24,5.4,0,0,extreme,extreme,extreme,low,0,0,5.6,no
3,5,mar,mon,87.6,52.2,103.8,5,9,49,2.2,0,0,high,extreme,low,low,0,0,-1,no
3,5,sep,fri,93.5,149.3,728.6,8.1,17.2,43,3.1,0,0,extreme,extreme,extreme,low,0,0,6.2,no
3,5,oct,wed,91.4,37.9,673.8,5.2,15.9,46,3.6,0,0,extreme,high,extreme,low,0,0,5.9,no
2,5,oct,sun,92.6,46.5,691.8,8.8,15.4,35,0.9,0,0,extreme,extreme,extreme,low,0,0,2.4,no
4,6,feb,sat,68.2,21.5,87.2,0.8,15.4,40,2.7,0,0,low,low,low,low,0,0,3.4,no
4,6,mar,mon,87.2,23.9,64.7,4.1,14,39,3.1,0,0,high,low,low,low,0,0,2,no
4,6,mar,sun,89.3,51.3,102.2,9.6,10.6,46,4.9,0,0,high,extreme,low,low,0,0,0.6,no
4,6,sep,thu,93.7,80.9,685.2,17.9,17.6,42,3.1,0,0,extreme,extreme,extreme,extreme,0,0,6.6,no
3,5,mar,tue,88.1,25.7,67.6,3.8,14.9,38,2.7,0,0,high,low,low,low,0,0,2.9,no
3,5,aug,sat,93.5,139.4,594.2,20.3,17.6,52,5.8,0,0,extreme,extreme,extreme,extreme,0,0,8.6,no
3,6,sep,sun,92.4,124.1,680.7,8.5,17.2,58,1.3,0,0,extreme,extreme,extreme,low,0,0,9.2,no
3,6,sep,mon,90.9,126.5,686.5,7,15.6,66,3.1,0,0,extreme,extreme,extreme,low,0,0,9.6,no
9,9,jul,tue,85.8,48.3,313.4,3.9,18,42,2.7,0,0.36,high,extreme,extreme,low,0.3074847,0.3074847,7,no
1,4,sep,tue,91,129.5,692.6,7,21.7,38,2.2,0,0.43,extreme,extreme,extreme,low,0.357674444,0.357674444,9.7,no
2,5,sep,mon,90.9,126.5,686.5,7,21.9,39,1.8,0,0.47,extreme,extreme,extreme,low,0.385262401,0.385262401,9.9,no
1,2,aug,wed,95.5,99.9,513.3,13.2,23.3,31,4.5,0,0.55,extreme,extreme,extreme,high,0.438254931,0.438254931,10.3,no
8,6,aug,fri,90.1,108,529.8,12.5,21.2,51,8.9,0,0.61,extreme,extreme,extreme,high,0.476234179,0.476234179,12.2,no
1,2,jul,sat,90,51.3,296.3,8.7,16.6,53,5.4,0,0.71,extreme,extreme,high,low,0.536493371,0.536493371,7.6,no
2,5,aug,wed,95.5,99.9,513.3,13.2,23.8,32,5.4,0,0.77,extreme,extreme,extreme,high,0.570979547,0.570979547,10.8,no
6,5,aug,thu,95.2,131.7,578.8,10.4,27.4,22,4,0,0.9,extreme,extreme,extreme,high,0.641853886,0.641853886,12.4,no
5,4,mar,mon,90.1,39.7,86.6,6.2,13.2,40,5.4,0,0.95,extreme,high,low,low,0.667829373,0.667829373,1.2,no
8,3,sep,tue,84.4,73.4,671.9,3.2,24.2,28,3.6,0,0.96,high,extreme,extreme,low,0.672944473,0.672944473,10.2,no
2,2,aug,tue,94.8,108.3,647.1,17,17.4,43,6.7,0,1.07,extreme,extreme,extreme,extreme,0.727548607,0.727548607,6.4,no
8,6,sep,thu,93.7,80.9,685.2,17.9,23.7,25,4.5,0,1.12,extreme,extreme,extreme,extreme,0.751416089,0.751416089,8.7,no
6,5,jun,fri,92.5,56.4,433.3,7.1,23.2,39,5.4,0,1.19,extreme,extreme,extreme,low,0.783901544,0.783901544,11.2,no
9,9,jul,sun,90.1,68.6,355.2,7.2,24.8,29,2.2,0,1.36,extreme,extreme,extreme,low,0.858661619,0.858661619,10.8,no
3,4,jul,sat,90.1,51.2,424.1,6.2,24.6,43,1.8,0,1.43,extreme,extreme,extreme,low,0.887891257,0.887891257,13.6,no
5,4,sep,fri,94.3,85.1,692.3,15.9,20.1,47,4.9,0,1.46,extreme,extreme,extreme,high,0.90016135,0.90016135,10.1,no
1,5,sep,sat,93.4,145.4,721.4,8.1,29.6,27,2.7,0,1.46,extreme,extreme,extreme,low,0.90016135,0.90016135,15.6,no
7,4,aug,sun,94.8,108.3,647.1,17,16.4,47,1.3,0,1.56,extreme,extreme,extreme,extreme,0.940007258,0.940007258,6.4,no
2,4,sep,sat,93.4,145.4,721.4,8.1,28.6,27,2.2,0,1.61,extreme,extreme,extreme,low,0.959350221,0.959350221,14.6,no
2,2,aug,wed,92.1,111.2,654.1,9.6,18.4,45,3.6,0,1.63,extreme,extreme,extreme,low,0.966983846,0.966983846,7.4,no
2,4,aug,wed,92.1,111.2,654.1,9.6,20.5,35,4,0,1.64,extreme,extreme,extreme,low,0.970778917,0.970778917,7.5,no
7,4,sep,fri,92.4,117.9,668,12.2,19,34,5.8,0,1.69,extreme,extreme,extreme,high,0.989541194,0.989541194,6,no
7,4,mar,mon,90.1,39.7,86.6,6.2,16.1,29,3.1,0,1.75,extreme,high,low,low,1.011600912,1.011600912,2.1,no
6,4,aug,thu,95.2,131.7,578.8,10.4,20.3,41,4,0,1.9,extreme,extreme,extreme,high,1.064710737,1.064710737,9.3,no
6,3,mar,sat,90.6,50.1,100.4,7.8,15.2,31,8.5,0,1.94,extreme,extreme,low,low,1.078409581,1.078409581,2.2,no
8,6,sep,sat,92.5,121.1,674.4,8.6,17.8,56,1.8,0,1.95,extreme,extreme,extreme,low,1.08180517,1.08180517,9.8,no
8,5,sep,sun,89.7,90,704.4,4.8,17.8,67,2.2,0,2.01,high,extreme,extreme,low,1.101940079,1.101940079,11.8,no
6,5,mar,thu,84.9,18.2,55,3,5.3,70,4.5,0,2.14,high,low,low,low,1.1442228,1.1442228,-0.7,no
6,5,aug,wed,92.1,111.2,654.1,9.6,16.6,47,0.9,0,2.29,extreme,extreme,extreme,low,1.190887565,1.190887565,6.6,no
6,5,aug,wed,96,127.1,570.5,16.5,23.4,33,4.5,0,2.51,extreme,extreme,extreme,extreme,1.255616037,1.255616037,10.4,no
6,5,mar,fri,91.2,48.3,97.8,12.5,14.6,26,9.4,0,2.53,extreme,extreme,low,high,1.261297871,1.261297871,0.6,no
8,6,aug,thu,95.2,131.7,578.8,10.4,20.7,45,2.2,0,2.55,extreme,extreme,extreme,high,1.266947603,1.266947603,9.7,no
5,4,sep,wed,92.9,133.3,699.6,9.2,21.9,35,1.8,0,2.57,extreme,extreme,extreme,low,1.272565596,1.272565596,8.9,no
8,6,aug,wed,85.6,90.4,609.6,6.6,17.4,50,4,0,2.69,high,extreme,extreme,low,1.305626458,1.305626458,7.4,no
7,4,aug,sun,91.4,142.4,601.4,10.6,20.1,39,5.4,0,2.74,extreme,extreme,extreme,high,1.319085611,1.319085611,8.1,no
4,4,sep,mon,90.9,126.5,686.5,7,17.7,39,2.2,0,3.07,extreme,extreme,extreme,low,1.403642999,1.403642999,5.7,no
1,4,aug,sat,90.2,96.9,624.2,8.9,14.2,53,1.8,0,3.5,extreme,extreme,extreme,low,1.504077397,1.504077397,5.2,no
1,4,aug,sat,90.2,96.9,624.2,8.9,20.3,39,4.9,0,4.53,extreme,extreme,extreme,low,1.710187816,1.710187816,8.3,no
6,5,apr,thu,81.5,9.1,55.2,2.7,5.8,54,5.8,0,4.61,high,low,low,low,1.72455072,1.72455072,-3.2,no
2,5,aug,sun,90.2,99.6,631.2,6.3,19.2,44,2.7,0,4.69,extreme,extreme,extreme,low,1.738710248,1.738710248,8.2,no
2,5,sep,wed,90.1,82.9,735.7,6.2,18.3,45,2.2,0,4.88,extreme,extreme,extreme,low,1.771556762,1.771556762,7.3,no
8,6,aug,tue,88.8,147.3,614.5,9,14.4,66,5.4,0,5.23,high,extreme,extreme,low,1.829376333,1.829376333,8.4,no
1,3,sep,sun,92.4,124.1,680.7,8.5,23.9,32,6.7,0,5.33,extreme,extreme,extreme,low,1.845300236,1.845300236,10.9,no
8,6,oct,mon,84.9,32.8,664.2,3,19.1,32,4,0,5.44,high,high,extreme,low,1.86252854,1.86252854,6.1,no
5,4,feb,sun,86.8,15.6,48.3,3.9,12.4,53,2.2,0,6.38,high,low,low,low,1.998773639,1.998773639,3.4,no
7,4,oct,mon,91.7,48.5,696.1,11.1,16.8,45,4.5,0,6.83,extreme,extreme,extreme,high,2.05796251,2.05796251,5.8,no
8,6,aug,fri,93.9,135.7,586.7,15.1,20.8,34,4.9,0,6.96,extreme,extreme,extreme,high,2.074429,2.074429,7.8,no
2,5,sep,tue,91,129.5,692.6,7,17.6,46,3.1,0,7.04,extreme,extreme,extreme,low,2.084429083,2.084429083,7.6,no
8,6,mar,sun,89.3,51.3,102.2,9.6,11.5,39,5.8,0,7.19,high,extreme,low,low,2.102913898,2.102913898,-0.5,no
1,5,sep,mon,90.9,126.5,686.5,7,21,42,2.2,0,7.3,extreme,extreme,extreme,low,2.116255515,2.116255515,10,no
6,4,mar,sat,90.8,41.9,89.4,7.9,13.3,42,0.9,0,7.4,extreme,extreme,low,low,2.128231706,2.128231706,2.3,no
7,4,mar,sun,90.7,44,92.4,5.5,11.5,60,4,0,8.24,extreme,extreme,low,low,2.223541886,2.223541886,3.5,no
6,5,mar,fri,91.2,48.3,97.8,12.5,11.7,33,4,0,8.31,extreme,extreme,low,high,2.231089091,2.231089091,-1.3,no
2,5,aug,thu,95.2,131.7,578.8,10.4,24.2,28,2.7,0,8.68,extreme,extreme,extreme,high,2.270061901,2.270061901,10.2,no
2,2,aug,tue,94.8,108.3,647.1,17,24.6,22,4.5,0,8.71,extreme,extreme,extreme,extreme,2.273156282,2.273156282,9.6,no
4,5,sep,wed,92.9,133.3,699.6,9.2,24.3,25,4,0,9.41,extreme,extreme,extreme,low,2.342766883,2.342766883,9.3,no
2,2,aug,tue,94.8,108.3,647.1,17,24.6,22,4.5,0,10.01,extreme,extreme,extreme,extreme,2.398803951,2.398803951,9.6,no
2,5,aug,fri,93.9,135.7,586.7,15.1,23.5,36,5.4,0,10.02,extreme,extreme,extreme,high,2.399711804,2.399711804,11.5,no
6,5,apr,thu,81.5,9.1,55.2,2.7,5.8,54,5.8,0,10.93,high,low,low,low,2.479056236,2.479056236,-3.2,no
4,5,sep,thu,92.9,137,706.4,9.2,21.5,15,0.9,0,11.06,extreme,extreme,extreme,low,2.489894191,2.489894191,4.5,no
3,4,sep,tue,91,129.5,692.6,7,13.9,59,6.3,0,11.24,extreme,extreme,extreme,low,2.504709277,2.504709277,5.9,no
2,4,sep,mon,63.5,70.8,665.3,0.8,22.6,38,3.6,0,11.32,low,extreme,extreme,low,2.511223958,2.511223958,10.6,no
1,5,sep,tue,91,129.5,692.6,7,21.6,33,2.2,0,11.53,extreme,extreme,extreme,low,2.528125769,2.528125769,8.6,no
6,5,mar,sun,90.1,37.6,83.7,7.2,12.4,54,3.6,0,12.1,extreme,high,low,low,2.57261223,2.57261223,3.4,no
7,4,feb,sun,83.9,8.7,32.1,2.1,8.8,68,2.2,0,13.05,high,low,low,low,2.642622396,2.642622396,2.8,no
8,6,oct,wed,91.4,37.9,673.8,5.2,20.2,37,2.7,0,13.7,extreme,high,extreme,low,2.687847494,2.687847494,8.2,no
5,6,mar,sat,90.6,50.1,100.4,7.8,15.1,64,4,0,13.99,extreme,extreme,low,low,2.707383312,2.707383312,8.1,no
4,5,sep,thu,92.9,137,706.4,9.2,22.1,34,1.8,0,14.57,extreme,extreme,extreme,low,2.745345986,2.745345986,9.1,no
2,2,aug,sat,93.5,139.4,594.2,20.3,22.9,31,7.2,0,15.45,extreme,extreme,extreme,extreme,2.800325477,2.800325477,9.9,no
7,5,sep,tue,91,129.5,692.6,7,20.7,37,2.2,0,17.2,extreme,extreme,extreme,low,2.901421594,2.901421594,8.7,no
6,5,sep,fri,92.4,117.9,668,12.2,19.6,33,6.3,0,19.23,extreme,extreme,extreme,high,3.007166651,3.007166651,6.6,no
8,3,sep,thu,93.7,80.9,685.2,17.9,23.2,26,4.9,0,23.41,extreme,extreme,extreme,extreme,3.194992884,3.194992884,9.2,no
4,4,oct,sat,90.6,43.7,686.9,6.7,18.4,25,3.1,0,24.23,extreme,extreme,extreme,low,3.228033763,3.228033763,3.4,no
7,4,aug,sat,93.5,139.4,594.2,20.3,5.1,96,5.8,0,26,extreme,extreme,extreme,extreme,3.295836866,3.295836866,5.1,no
7,4,sep,fri,94.3,85.1,692.3,15.9,20.1,47,4.9,0,26.13,extreme,extreme,extreme,high,3.300640127,3.300640127,10.1,no
7,3,mar,mon,87.6,52.2,103.8,5,11,46,5.8,0,27.35,high,extreme,low,low,3.34462703,3.34462703,1,no
4,4,mar,sat,91.7,35.8,80.8,7.8,17,27,4.9,0,28.66,extreme,high,low,low,3.389799337,3.389799337,3,no
4,4,mar,sat,91.7,35.8,80.8,7.8,17,27,4.9,0,28.66,extreme,high,low,low,3.389799337,3.389799337,3,no
4,4,sep,sun,92.4,124.1,680.7,8.5,16.9,60,1.3,0,29.48,extreme,extreme,extreme,low,3.417070731,3.417070731,8.9,no
1,3,sep,mon,88.6,91.8,709.9,7.1,12.4,73,6.3,0,30.32,high,extreme,extreme,low,3.444256871,3.444256871,7.4,no
4,5,sep,wed,92.9,133.3,699.6,9.2,19.4,19,1.3,0,31.72,extreme,extreme,extreme,low,3.487986512,3.487986512,3.4,no
6,5,mar,mon,90.1,39.7,86.6,6.2,15.2,27,3.1,0,31.86,extreme,high,low,low,3.492256113,3.492256113,1.2,no
8,6,aug,sun,90.2,99.6,631.2,6.3,16.2,59,3.1,0,32.07,extreme,extreme,extreme,low,3.498626527,3.498626527,8.2,no
3,4,sep,fri,93.3,141.2,713.9,13.9,18.6,49,3.6,0,35.88,extreme,extreme,extreme,high,3.607669399,3.607669399,8.6,no
4,3,mar,mon,87.6,52.2,103.8,5,11,46,5.8,0,36.85,high,extreme,low,low,3.63363098,3.63363098,1,no
2,2,jul,fri,88.3,150.3,309.9,6.8,13.4,79,3.6,0,37.02,high,extreme,extreme,low,3.638112337,3.638112337,9.4,no
7,4,sep,wed,90.1,82.9,735.7,6.2,15.4,57,4.5,0,37.71,extreme,extreme,extreme,low,3.656097965,3.656097965,7.4,no
4,4,sep,sun,93.5,149.3,728.6,8.1,22.9,39,4.9,0,48.55,extreme,extreme,extreme,low,3.902982261,3.902982261,10.9,no
7,5,oct,mon,91.7,48.5,696.1,11.1,16.1,44,4,0,49.37,extreme,extreme,extreme,high,3.91939576,3.91939576,5.1,no
8,6,aug,sat,92.2,81.8,480.8,11.9,20.1,34,4.5,0,58.3,extreme,extreme,extreme,high,4.082609306,4.082609306,7.1,no
4,6,sep,sun,93.5,149.3,728.6,8.1,28.3,26,3.1,0,64.1,extreme,extreme,extreme,low,4.175924549,4.175924549,14.3,no
8,6,aug,sat,92.2,81.8,480.8,11.9,16.4,43,4,0,71.3,extreme,extreme,extreme,high,4.280824129,4.280824129,5.4,no
4,4,sep,wed,92.9,133.3,699.6,9.2,26.4,21,4.5,0,88.49,extreme,extreme,extreme,low,4.494126887,4.494126887,11.4,no
1,5,sep,sun,93.5,149.3,728.6,8.1,27.8,27,3.1,0,95.18,extreme,extreme,extreme,low,4.566221436,4.566221436,13.8,no
6,4,sep,tue,91,129.5,692.6,7,18.7,43,2.7,0,103.39,extreme,extreme,extreme,low,4.648133885,4.648133885,7.7,no
9,4,sep,tue,84.4,73.4,671.9,3.2,24.3,36,3.1,0,105.66,high,extreme,extreme,low,4.669646205,4.669646205,12.3,no
4,5,sep,sat,92.5,121.1,674.4,8.6,17.7,25,3.1,0,154.88,extreme,extreme,extreme,low,5.04908648,5.04908648,2.7,no
8,6,aug,sun,91.4,142.4,601.4,10.6,19.6,41,5.8,0,196.48,extreme,extreme,extreme,high,5.285637313,5.285637313,8.6,no
2,2,sep,sat,92.5,121.1,674.4,8.6,18.2,46,1.8,0,200.94,extreme,extreme,extreme,low,5.307970624,5.307970624,8.2,no
1,2,sep,tue,91,129.5,692.6,7,18.8,40,2.2,0,212.88,extreme,extreme,extreme,low,5.36541511,5.36541511,6.8,no
6,5,sep,sat,92.5,121.1,674.4,8.6,25.1,27,4,0,1090.84,extreme,extreme,extreme,low,6.995619625,6.995619625,11.1,no
7,5,apr,sun,81.9,3,7.9,3.5,13.4,75,1.8,0,0,high,low,low,low,0,0,8.4,no
6,3,apr,wed,88,17.2,43.5,3.8,15.2,51,2.7,0,0,high,low,low,low,0,0,6.2,no
4,4,apr,fri,83,23.3,85.3,2.3,16.7,20,3.1,0,0,high,low,low,low,0,0,0.7,no
2,4,aug,sun,94.2,122.3,589.9,12.9,15.4,66,4,0,10.13,extreme,extreme,extreme,high,2.409644165,2.409644165,9.4,no
7,4,aug,sun,91.8,175.1,700.7,13.8,21.9,73,7.6,1,0,extreme,extreme,extreme,high,0,0,16.9,yes
2,4,aug,sun,91.8,175.1,700.7,13.8,22.4,54,7.6,0,2.87,extreme,extreme,extreme,high,1.353254507,1.353254507,13.4,no
3,4,aug,sun,91.8,175.1,700.7,13.8,26.8,38,6.3,0,0.76,extreme,extreme,extreme,high,0.565313809,0.565313809,14.8,no
5,4,aug,sun,91.8,175.1,700.7,13.8,25.7,39,5.4,0,0.09,extreme,extreme,extreme,high,0.086177696,0.086177696,13.7,no
2,4,aug,wed,92.2,91.6,503.6,9.6,20.7,70,2.2,0,0.75,extreme,extreme,extreme,low,0.559615788,0.559615788,14.7,no
8,6,aug,wed,93.1,157.3,666.7,13.5,28.7,28,2.7,0,0,extreme,extreme,extreme,high,0,0,14.7,no
3,4,aug,wed,93.1,157.3,666.7,13.5,21.7,40,0.4,0,2.47,extreme,extreme,extreme,high,1.244154594,1.244154594,9.7,no
8,5,aug,wed,93.1,157.3,666.7,13.5,26.8,25,3.1,0,0.68,extreme,extreme,extreme,high,0.518793793,0.518793793,11.8,no
8,5,aug,wed,93.1,157.3,666.7,13.5,24,36,3.1,0,0.24,extreme,extreme,extreme,high,0.21511138,0.21511138,12,no
6,5,aug,wed,93.1,157.3,666.7,13.5,22.1,37,3.6,0,0.21,extreme,extreme,extreme,high,0.19062036,0.19062036,10.1,no
7,4,aug,thu,91.9,109.2,565.5,8,21.4,38,2.7,0,1.52,extreme,extreme,extreme,low,0.924258902,0.924258902,9.4,no
6,3,aug,thu,91.6,138.1,621.7,6.3,18.9,41,3.1,0,10.34,extreme,extreme,extreme,low,2.428336298,2.428336298,7.9,no
2,5,aug,thu,87.5,77,694.8,5,22.3,46,4,0,0,high,extreme,extreme,low,0,0,12.3,no
8,6,aug,sat,94.2,117.2,581.1,11,23.9,41,2.2,0,8.02,extreme,extreme,extreme,high,2.199444334,2.199444334,12.9,no
4,3,aug,sat,94.2,117.2,581.1,11,21.4,44,2.7,0,0.68,extreme,extreme,extreme,high,0.518793793,0.518793793,10.4,no
3,4,aug,sat,91.8,170.9,692.3,13.7,20.6,59,0.9,0,0,extreme,extreme,extreme,high,0,0,12.6,no
7,4,aug,sat,91.8,170.9,692.3,13.7,23.7,40,1.8,0,1.38,extreme,extreme,extreme,high,0.867100488,0.867100488,11.7,no
2,4,aug,mon,93.6,97.9,542,14.4,28.3,32,4,0,8.85,extreme,extreme,extreme,high,2.287471455,2.287471455,15.3,no
3,4,aug,fri,91.6,112.4,573,8.9,11.2,84,7.6,0,3.3,extreme,extreme,extreme,low,1.458615023,1.458615023,8.2,no
2,4,aug,fri,91.6,112.4,573,8.9,21.4,42,3.1,0,4.25,extreme,extreme,extreme,low,1.658228077,1.658228077,10.4,no
6,3,aug,fri,91.1,141.1,629.1,7.1,19.3,39,3.6,0,1.56,extreme,extreme,extreme,low,0.940007258,0.940007258,7.3,no
4,4,aug,fri,94.3,167.6,684.4,13,21.8,53,3.1,0,6.54,extreme,extreme,extreme,high,2.020222182,2.020222182,12.8,no
4,4,aug,tue,93.7,102.2,550.3,14.6,22.1,54,7.6,0,0.79,extreme,extreme,extreme,high,0.58221562,0.58221562,13.1,no
6,5,aug,tue,94.3,131.7,607.1,22.7,19.4,55,4,0,0.17,extreme,extreme,extreme,extreme,0.157003749,0.157003749,10.4,no
2,2,aug,tue,92.1,152.6,658.2,14.3,23.7,24,3.1,0,0,extreme,extreme,extreme,high,0,0,8.7,no
3,4,aug,tue,92.1,152.6,658.2,14.3,21,32,3.1,0,0,extreme,extreme,extreme,high,0,0,8,no
4,4,aug,tue,92.1,152.6,658.2,14.3,19.1,53,2.7,0,4.4,extreme,extreme,extreme,high,1.686398954,1.686398954,10.1,no
2,2,aug,tue,92.1,152.6,658.2,14.3,21.8,56,3.1,0,0.52,extreme,extreme,extreme,high,0.418710335,0.418710335,13.8,no
8,6,aug,tue,92.1,152.6,658.2,14.3,20.1,58,4.5,0,9.27,extreme,extreme,extreme,high,2.329227024,2.329227024,12.1,no
2,5,aug,tue,92.1,152.6,658.2,14.3,20.2,47,4,0,3.09,extreme,extreme,extreme,high,1.40854497,1.40854497,10.2,no
4,6,dec,sun,84.4,27.2,353.5,6.8,4.8,57,8.5,0,8.98,high,low,extreme,low,2.30058309,2.30058309,-3.2,no
8,6,dec,wed,84,27.8,354.6,5.3,5.1,61,8,0,11.19,high,low,extreme,low,2.500615943,2.500615943,-1.9,no
4,6,dec,thu,84.6,26.4,352,2,5.1,61,4.9,0,5.38,high,low,extreme,low,1.853168097,1.853168097,-1.9,no
4,4,dec,mon,85.4,25.4,349.7,2.6,4.6,21,8.5,0,17.85,high,low,extreme,low,2.936512914,2.936512914,-10.4,no
3,4,dec,mon,85.4,25.4,349.7,2.6,4.6,21,8.5,0,10.73,high,low,extreme,low,2.462149663,2.462149663,-10.4,no
4,4,dec,mon,85.4,25.4,349.7,2.6,4.6,21,8.5,0,22.03,high,low,extreme,low,3.136797714,3.136797714,-10.4,no
4,4,dec,mon,85.4,25.4,349.7,2.6,4.6,21,8.5,0,9.77,high,low,extreme,low,2.376764491,2.376764491,-10.4,no
4,6,dec,fri,84.7,26.7,352.6,4.1,2.2,59,4.9,0,9.27,high,low,extreme,low,2.329227024,2.329227024,-5.8,no
6,5,dec,tue,85.4,25.4,349.7,2.6,5.1,24,8.5,0,24.77,high,low,extreme,low,3.249211025,3.249211025,-9.9,no
6,3,feb,sun,84.9,27.5,353.5,3.4,4.2,51,4,0,0,high,low,extreme,low,0,0,-4.8,no
3,4,feb,wed,86.9,6.6,18.7,3.2,8.8,35,3.1,0,1.1,high,low,low,low,0.741937345,0.741937345,-4.2,no
5,4,feb,fri,85.2,4.9,15.8,6.3,7.5,46,8,0,24.24,high,low,low,low,3.228430038,3.228430038,-2.5,no
2,5,jul,sun,93.9,169.7,411.8,12.3,23.4,40,6.3,0,0,extreme,extreme,extreme,high,0,0,11.4,no
7,6,jul,wed,91.2,183.1,437.7,12.5,12.6,90,7.6,0.2,0,extreme,extreme,extreme,high,0,0,10.6,yes
7,4,jul,sat,91.6,104.2,474.9,9,22.1,49,2.7,0,0,extreme,extreme,extreme,low,0,0,12.1,no
7,4,jul,sat,91.6,104.2,474.9,9,24.2,32,1.8,0,0,extreme,extreme,extreme,low,0,0,11.2,no
7,4,jul,sat,91.6,104.2,474.9,9,24.3,30,1.8,0,0,extreme,extreme,extreme,low,0,0,10.3,no
2,5,jul,sat,91.6,104.2,474.9,9,18.7,53,1.8,0,0,extreme,extreme,extreme,low,0,0,9.7,no
9,4,jul,sat,91.6,104.2,474.9,9,25.3,39,0.9,0,8,extreme,extreme,extreme,low,2.197224577,2.197224577,13.3,no
4,5,jul,fri,91.6,100.2,466.3,6.3,22.9,40,1.3,0,2.64,extreme,extreme,extreme,low,1.291983682,1.291983682,10.9,no
7,6,jul,tue,93.1,180.4,430.8,11,26.9,28,5.4,0,86.45,extreme,extreme,extreme,high,4.471067201,4.471067201,12.9,no
8,6,jul,tue,92.3,88.8,440.9,8.5,17.1,67,3.6,0,6.57,extreme,extreme,extreme,low,2.024193067,2.024193067,11.1,no
7,5,jun,sun,93.1,180.4,430.8,11,22.2,48,1.3,0,0,extreme,extreme,extreme,high,0,0,12.2,no
6,4,jun,sun,90.4,89.5,290.8,6.4,14.3,46,1.8,0,0.9,extreme,extreme,high,low,0.641853886,0.641853886,4.3,no
8,6,jun,sun,90.4,89.5,290.8,6.4,15.4,45,2.2,0,0,extreme,extreme,high,low,0,0,4.4,no
8,6,jun,wed,91.2,147.8,377.2,12.7,19.6,43,4.9,0,0,extreme,extreme,extreme,high,0,0,8.6,no
6,5,jun,sat,53.4,71,233.8,0.4,10.6,90,2.7,0,0,low,extreme,high,low,0,0,8.6,no
6,5,jun,mon,90.4,93.3,298.1,7.5,20.7,25,4.9,0,0,extreme,extreme,high,low,0,0,5.7,no
6,5,jun,mon,90.4,93.3,298.1,7.5,19.1,39,5.4,0,3.52,extreme,extreme,high,low,1.508511994,1.508511994,7.1,no
3,6,jun,fri,91.1,94.1,232.1,7.1,19.2,38,4.5,0,0,extreme,extreme,high,low,0,0,7.2,no
3,6,jun,fri,91.1,94.1,232.1,7.1,19.2,38,4.5,0,0,extreme,extreme,high,low,0,0,7.2,no
6,5,may,sat,85.1,28,113.8,3.5,11.3,94,4.9,0,0,high,low,low,low,0,0,10.3,no
1,4,sep,sun,89.6,84.1,714.3,5.7,19,52,2.2,0,0,high,extreme,extreme,low,0,0,10,no
7,4,sep,sun,89.6,84.1,714.3,5.7,17.1,53,5.4,0,0.41,high,extreme,extreme,low,0.343589704,0.343589704,8.1,no
3,4,sep,sun,89.6,84.1,714.3,5.7,23.8,35,3.6,0,5.18,high,extreme,extreme,low,1.821318271,1.821318271,10.8,no
2,4,sep,sun,92.4,105.8,758.1,9.9,16,45,1.8,0,0,extreme,extreme,extreme,low,0,0,5,no
2,4,sep,sun,92.4,105.8,758.1,9.9,24.9,27,2.2,0,0,extreme,extreme,extreme,low,0,0,10.9,no
7,4,sep,sun,92.4,105.8,758.1,9.9,25.3,27,2.7,0,0,extreme,extreme,extreme,low,0,0,11.3,no
6,3,sep,sun,92.4,105.8,758.1,9.9,24.8,28,1.8,0,14.29,extreme,extreme,extreme,low,2.72719902,2.72719902,10.8,no
2,4,sep,sun,50.4,46.2,706.6,0.4,12.2,78,6.3,0,0,low,extreme,extreme,low,0,0,8.2,no
6,5,sep,wed,92.6,115.4,777.1,8.8,24.3,27,4.9,0,0,extreme,extreme,extreme,low,0,0,10.3,no
4,4,sep,wed,92.6,115.4,777.1,8.8,19.7,41,1.8,0,1.58,extreme,extreme,extreme,low,0.947789399,0.947789399,8.7,no
3,4,sep,wed,91.2,134.7,817.5,7.2,18.5,30,2.7,0,0,extreme,extreme,extreme,low,0,0,4.5,no
4,5,sep,thu,92.4,96.2,739.4,8.6,18.6,24,5.8,0,0,extreme,extreme,extreme,low,0,0,3.6,no
4,4,sep,thu,92.4,96.2,739.4,8.6,19.2,24,4.9,0,3.78,extreme,extreme,extreme,low,1.564440547,1.564440547,4.2,no
6,5,sep,thu,92.8,119,783.5,7.5,21.6,27,2.2,0,0,extreme,extreme,extreme,low,0,0,7.6,no
5,4,sep,thu,92.8,119,783.5,7.5,21.6,28,6.3,0,4.41,extreme,extreme,extreme,low,1.688249093,1.688249093,7.6,no
6,3,sep,thu,92.8,119,783.5,7.5,18.9,34,7.2,0,34.36,extreme,extreme,extreme,low,3.565581238,3.565581238,5.9,no
1,4,sep,thu,92.8,119,783.5,7.5,16.8,28,4,0,7.21,extreme,extreme,extreme,low,2.105352923,2.105352923,2.8,no
6,5,sep,thu,92.8,119,783.5,7.5,16.8,28,4,0,1.01,extreme,extreme,extreme,low,0.698134722,0.698134722,2.8,no
3,5,sep,thu,90.7,136.9,822.8,6.8,12.9,39,2.7,0,2.18,extreme,extreme,extreme,low,1.156881197,1.156881197,0.9,no
6,5,sep,thu,88.1,53.3,726.9,5.4,13.7,56,1.8,0,4.42,high,extreme,extreme,low,1.690095815,1.690095815,5.7,no
1,4,sep,sat,92.2,102.3,751.5,8.4,24.2,27,3.1,0,0,extreme,extreme,extreme,low,0,0,10.2,no
5,4,sep,sat,92.2,102.3,751.5,8.4,24.1,27,3.1,0,0,extreme,extreme,extreme,low,0,0,10.1,no
6,5,sep,sat,92.2,102.3,751.5,8.4,21.2,32,2.2,0,0,extreme,extreme,extreme,low,0,0,8.2,no
6,5,sep,sat,92.2,102.3,751.5,8.4,19.7,35,1.8,0,0,extreme,extreme,extreme,low,0,0,6.7,no
4,3,sep,sat,92.2,102.3,751.5,8.4,23.5,27,4,0,3.33,extreme,extreme,extreme,low,1.465567542,1.465567542,9.5,no
3,3,sep,sat,92.2,102.3,751.5,8.4,24.2,27,3.1,0,6.58,extreme,extreme,extreme,low,2.0255132,2.0255132,10.2,no
7,4,sep,sat,91.2,124.4,795.3,8.5,21.5,28,4.5,0,15.64,extreme,extreme,extreme,low,2.811809435,2.811809435,7.5,no
4,4,sep,sat,91.2,124.4,795.3,8.5,17.1,41,2.2,0,11.22,extreme,extreme,extreme,low,2.503073954,2.503073954,6.1,no
1,4,sep,mon,92.1,87.7,721.1,9.5,18.1,54,3.1,0,2.13,extreme,extreme,extreme,low,1.141033005,1.141033005,9.1,no
2,3,sep,mon,91.6,108.4,764,6.2,18,51,5.4,0,0,extreme,extreme,extreme,low,0,0,9,no
4,3,sep,mon,91.6,108.4,764,6.2,9.8,86,1.8,0,0,extreme,extreme,extreme,low,0,0,7.8,no
7,4,sep,mon,91.6,108.4,764,6.2,19.3,44,2.2,0,0,extreme,extreme,extreme,low,0,0,8.3,no
6,3,sep,mon,91.6,108.4,764,6.2,23,34,2.2,0,56.04,extreme,extreme,extreme,low,4.043752776,4.043752776,10,no
8,6,sep,mon,91.6,108.4,764,6.2,22.7,35,2.2,0,7.48,extreme,extreme,extreme,low,2.13771045,2.13771045,9.7,no
2,4,sep,mon,91.6,108.4,764,6.2,20.4,41,1.8,0,1.47,extreme,extreme,extreme,low,0.904218151,0.904218151,9.4,no
2,5,sep,mon,91.6,108.4,764,6.2,19.3,44,2.2,0,3.93,extreme,extreme,extreme,low,1.595338988,1.595338988,8.3,no
8,6,sep,mon,91.9,111.7,770.3,6.5,15.7,51,2.2,0,0,extreme,extreme,extreme,low,0,0,6.7,no
6,3,sep,mon,91.5,130.1,807.1,7.5,20.6,37,1.8,0,0,extreme,extreme,extreme,low,0,0,8.6,no
8,6,sep,mon,91.5,130.1,807.1,7.5,15.9,51,4.5,0,2.18,extreme,extreme,extreme,low,1.156881197,1.156881197,6.9,no
6,3,sep,mon,91.5,130.1,807.1,7.5,12.2,66,4.9,0,6.1,extreme,extreme,extreme,low,1.960094784,1.960094784,6.2,no
2,2,sep,mon,91.5,130.1,807.1,7.5,16.8,43,3.1,0,5.83,extreme,extreme,extreme,low,1.921324674,1.921324674,5.8,no
1,4,sep,mon,91.5,130.1,807.1,7.5,21.3,35,2.2,0,28.19,extreme,extreme,extreme,low,3.373826185,3.373826185,8.3,no
5,4,sep,fri,92.1,99,745.3,9.6,10.1,75,3.6,0,0,extreme,extreme,extreme,low,0,0,5.1,no
3,4,sep,fri,92.1,99,745.3,9.6,17.4,57,4.5,0,0,extreme,extreme,extreme,low,0,0,9.4,no
5,4,sep,fri,92.1,99,745.3,9.6,12.8,64,3.6,0,1.64,extreme,extreme,extreme,low,0.970778917,0.970778917,5.8,no
5,4,sep,fri,92.1,99,745.3,9.6,10.1,75,3.6,0,3.71,extreme,extreme,extreme,low,1.549687908,1.549687908,5.1,no
4,4,sep,fri,92.1,99,745.3,9.6,15.4,53,6.3,0,7.31,extreme,extreme,extreme,low,2.117459609,2.117459609,6.4,no
7,4,sep,fri,92.1,99,745.3,9.6,20.6,43,3.6,0,2.03,extreme,extreme,extreme,low,1.10856262,1.10856262,9.6,no
7,4,sep,fri,92.1,99,745.3,9.6,19.8,47,2.7,0,1.72,extreme,extreme,extreme,low,1.00063188,1.00063188,9.8,no
7,4,sep,fri,92.1,99,745.3,9.6,18.7,50,2.2,0,5.97,extreme,extreme,extreme,low,1.941615225,1.941615225,8.7,no
4,4,sep,fri,92.1,99,745.3,9.6,20.8,35,4.9,0,13.06,extreme,extreme,extreme,low,2.643333886,2.643333886,7.8,no
4,4,sep,fri,92.1,99,745.3,9.6,20.8,35,4.9,0,1.26,extreme,extreme,extreme,low,0.815364813,0.815364813,7.8,no
6,3,sep,fri,92.5,122,789.7,10.2,15.9,55,3.6,0,0,extreme,extreme,extreme,high,0,0,6.9,no
6,3,sep,fri,92.5,122,789.7,10.2,19.7,39,2.7,0,0,extreme,extreme,extreme,high,0,0,7.7,no
1,4,sep,fri,92.5,122,789.7,10.2,21.1,39,2.2,0,8.12,extreme,extreme,extreme,high,2.210469804,2.210469804,9.1,no
6,5,sep,fri,92.5,122,789.7,10.2,18.4,42,2.2,0,1.09,extreme,extreme,extreme,high,0.737164066,0.737164066,7.4,no
4,3,sep,fri,92.5,122,789.7,10.2,17.3,45,4,0,3.94,extreme,extreme,extreme,high,1.597365331,1.597365331,6.3,no
7,4,sep,fri,88.2,55.2,732.3,11.6,15.2,64,3.1,0,0.52,high,extreme,extreme,high,0.418710335,0.418710335,8.2,no
4,3,sep,tue,91.9,111.7,770.3,6.5,15.9,53,2.2,0,2.93,extreme,extreme,extreme,low,1.368639426,1.368639426,6.9,no
6,5,sep,tue,91.9,111.7,770.3,6.5,21.1,35,2.7,0,5.65,extreme,extreme,extreme,low,1.894616855,1.894616855,8.1,no
6,5,sep,tue,91.9,111.7,770.3,6.5,19.6,45,3.1,0,20.03,extreme,extreme,extreme,low,3.04594999,3.04594999,8.6,no
4,5,sep,tue,91.1,132.3,812.1,12.5,15.9,38,5.4,0,1.75,extreme,extreme,extreme,high,1.011600912,1.011600912,3.9,no
4,5,sep,tue,91.1,132.3,812.1,12.5,16.4,27,3.6,0,0,extreme,extreme,extreme,high,0,0,2.4,no
6,5,sep,sat,91.2,94.3,744.4,8.4,16.8,47,4.9,0,12.64,extreme,extreme,extreme,low,2.613006652,2.613006652,6.8,no
4,5,sep,sun,91,276.3,825.1,7.1,13.8,77,7.6,0,0,extreme,extreme,extreme,low,0,0,9.8,no
7,4,sep,sun,91,276.3,825.1,7.1,13.8,77,7.6,0,11.06,extreme,extreme,extreme,low,2.489894191,2.489894191,9.8,no
3,4,jul,wed,91.9,133.6,520.5,8,14.2,58,4,0,0,extreme,extreme,extreme,low,0,0,6.2,no
4,5,aug,sun,92,203.2,664.5,8.1,10.4,75,0.9,0,0,extreme,extreme,extreme,low,0,0,5.4,no
5,4,aug,thu,94.8,222.4,698.6,13.9,20.3,42,2.7,0,0,extreme,extreme,extreme,high,0,0,9.3,no
6,5,sep,fri,90.3,290,855.3,7.4,10.3,78,4,0,18.3,extreme,extreme,extreme,low,2.960105096,2.960105096,6.3,no
6,5,sep,sat,91.2,94.3,744.4,8.4,15.4,57,4.9,0,39.35,extreme,extreme,extreme,low,3.697591395,3.697591395,7.4,no
8,6,aug,mon,92.1,207,672.6,8.2,21.1,54,2.2,0,0,extreme,extreme,extreme,low,0,0,12.1,no
2,2,aug,sat,93.7,231.1,715.1,8.4,21.9,42,2.2,0,174.63,extreme,extreme,extreme,low,5.168379509,5.168379509,10.9,no
6,5,mar,thu,90.9,18.9,30.6,8,8.7,51,5.8,0,0,extreme,low,low,low,0,0,-0.3,no
4,5,jan,sun,18.7,1.1,171.4,0,5.2,100,0.9,0,0,low,low,low,low,0,0,5.2,no
5,4,jul,wed,93.7,101.3,458.8,11.9,19.3,39,7.2,0,7.73,extreme,extreme,extreme,high,2.16676537,2.16676537,7.3,no
8,6,aug,thu,90.7,194.1,643,6.8,16.2,63,2.7,0,16.33,extreme,extreme,extreme,low,2.852439104,2.852439104,9.2,no
8,6,aug,wed,95.2,217.7,690,18,28.2,29,1.8,0,5.86,extreme,extreme,extreme,extreme,1.925707442,1.925707442,14.2,no
9,6,aug,thu,91.6,248.4,753.8,6.3,20.5,58,2.7,0,42.87,extreme,extreme,extreme,low,3.781230715,3.781230715,12.5,no
8,4,aug,sat,91.6,273.8,819.1,7.7,21.3,44,4.5,0,12.18,extreme,extreme,extreme,low,2.578700529,2.578700529,10.3,no
2,4,aug,sun,91.6,181.3,613,7.6,20.9,50,2.2,0,16,extreme,extreme,extreme,low,2.833213344,2.833213344,10.9,no
3,4,sep,sun,90.5,96.7,750.5,11.4,20.6,55,5.4,0,24.59,extreme,extreme,extreme,high,3.24220165,3.24220165,11.6,no
5,5,mar,thu,90.9,18.9,30.6,8,11.6,48,5.4,0,0,extreme,low,low,low,0,0,1.6,no
6,4,aug,fri,94.8,227,706.7,12,23.3,34,3.1,0,28.74,extreme,extreme,extreme,high,3.392492941,3.392492941,10.3,no
7,4,aug,fri,94.8,227,706.7,12,23.3,34,3.1,0,0,extreme,extreme,extreme,high,0,0,10.3,no
7,4,feb,mon,84.7,9.5,58.3,4.1,7.5,71,6.3,0,9.96,high,low,low,low,2.394252282,2.394252282,2.5,no
8,6,sep,fri,91.1,91.3,738.1,7.2,20.7,46,2.7,0,30.18,extreme,extreme,extreme,low,3.439776864,3.439776864,10.7,no
1,3,sep,sun,91,276.3,825.1,7.1,21.9,43,4,0,70.76,extreme,extreme,extreme,low,4.273327218,4.273327218,10.9,no
2,4,mar,tue,93.4,15,25.6,11.4,15.2,19,7.6,0,0,extreme,low,low,high,0,0,-0.8,no
6,5,feb,mon,84.1,4.6,46.7,2.2,5.3,68,1.8,0,0,high,low,low,low,0,0,-0.7,no
4,5,feb,sun,85,9,56.9,3.5,10.1,62,1.8,0,51.78,high,low,low,low,3.966132331,3.966132331,3.1,no
4,3,sep,sun,90.5,96.7,750.5,11.4,20.4,55,4.9,0,3.64,extreme,extreme,extreme,high,1.534714366,1.534714366,11.4,no
5,6,aug,sun,91.6,181.3,613,7.6,24.3,33,3.6,0,3.63,extreme,extreme,extreme,low,1.532556868,1.532556868,11.3,no
1,2,aug,sat,93.7,231.1,715.1,8.4,25.9,32,3.1,0,0,extreme,extreme,extreme,low,0,0,12.9,no
9,5,jun,wed,93.3,49.5,297.7,14,28,34,4.5,0,0,extreme,extreme,high,high,0,0,15,no
9,5,jun,wed,93.3,49.5,297.7,14,28,34,4.5,0,8.16,extreme,extreme,high,high,2.214846179,2.214846179,15,no
3,4,sep,thu,91.1,88.2,731.7,8.3,22.8,46,4,0,4.95,extreme,extreme,extreme,low,1.78339122,1.78339122,12.8,no
9,9,aug,fri,94.8,227,706.7,12,25,36,4,0,0,extreme,extreme,extreme,high,0,0,13,no
8,6,aug,thu,90.7,194.1,643,6.8,21.3,41,3.6,0,0,extreme,extreme,extreme,low,0,0,10.3,no
2,4,sep,wed,87.9,84.8,725.1,3.7,21.8,34,2.2,0,6.04,high,extreme,extreme,low,1.95160817,1.95160817,8.8,no
2,2,aug,tue,94.6,212.1,680.9,9.5,27.9,27,2.2,0,0,extreme,extreme,extreme,low,0,0,13.9,no
6,5,sep,sat,87.1,291.3,860.6,4,17,67,4.9,0,3.95,high,extreme,extreme,low,1.599387577,1.599387577,11,no
4,5,feb,sat,84.7,8.2,55,2.9,14.2,46,4,0,0,high,low,low,low,0,0,4.2,no
4,3,sep,fri,90.3,290,855.3,7.4,19.9,44,3.1,0,7.8,extreme,extreme,extreme,low,2.174751721,2.174751721,8.9,no
1,4,jul,tue,92.3,96.2,450.2,12.1,23.4,31,5.4,0,0,extreme,extreme,extreme,high,0,0,10.4,no
6,3,feb,fri,84.1,7.3,52.8,2.7,14.7,42,2.7,0,0,high,low,low,low,0,0,3.7,no
7,4,feb,fri,84.6,3.2,43.6,3.3,8.2,53,9.4,0,4.62,high,low,low,low,1.726331664,1.726331664,-0.8,no
9,4,jul,mon,92.3,92.1,442.1,9.8,22.8,27,4.5,0,1.63,extreme,extreme,extreme,low,0.966983846,0.966983846,8.8,no
7,5,aug,sat,93.7,231.1,715.1,8.4,26.4,33,3.6,0,0,extreme,extreme,extreme,low,0,0,13.4,no
5,4,aug,sun,93.6,235.1,723.1,10.1,24.1,50,4,0,0,extreme,extreme,extreme,high,0,0,14.1,no
8,6,aug,thu,94.8,222.4,698.6,13.9,27.5,27,4.9,0,746.28,extreme,extreme,extreme,high,6.616439948,6.616439948,13.5,no
6,3,jul,tue,92.7,164.1,575.8,8.9,26.3,39,3.1,0,7.02,extreme,extreme,extreme,low,2.081938422,2.081938422,14.3,no
6,5,mar,wed,93.4,17.3,28.3,9.9,13.8,24,5.8,0,0,extreme,low,low,low,0,0,-1.2,no
2,4,aug,sun,92,203.2,664.5,8.1,24.9,42,5.4,0,2.44,extreme,extreme,extreme,low,1.235471471,1.235471471,13.9,no
2,5,aug,sun,91.6,181.3,613,7.6,24.8,36,4,0,3.05,extreme,extreme,extreme,low,1.398716881,1.398716881,12.8,no
8,8,aug,wed,91.7,191.4,635.9,7.8,26.2,36,4.5,0,185.76,extreme,extreme,extreme,low,5.22982437,5.22982437,14.2,no
2,4,aug,wed,95.2,217.7,690,18,30.8,19,4.5,0,0,extreme,extreme,extreme,extreme,0,0,14.8,no
8,6,jul,sun,88.9,263.1,795.9,5.2,29.3,27,3.6,0,6.3,high,extreme,extreme,low,1.987874348,1.987874348,15.3,no
1,3,sep,sat,91.2,94.3,744.4,8.4,22.3,48,4,0,0.72,extreme,extreme,extreme,low,0.542324291,0.542324291,12.3,no
8,6,aug,sat,93.7,231.1,715.1,8.4,26.9,31,3.6,0,4.96,extreme,extreme,extreme,low,1.785070481,1.785070481,13.9,no
2,2,aug,thu,91.6,248.4,753.8,6.3,20.4,56,2.2,0,0,extreme,extreme,extreme,low,0,0,12.4,no
8,6,aug,thu,91.6,248.4,753.8,6.3,20.4,56,2.2,0,0,extreme,extreme,extreme,low,0,0,12.4,no
2,4,aug,mon,92.1,207,672.6,8.2,27.9,33,2.2,0,2.35,extreme,extreme,extreme,low,1.208960346,1.208960346,14.9,no
1,3,aug,thu,94.8,222.4,698.6,13.9,26.2,34,5.8,0,0,extreme,extreme,extreme,high,0,0,13.2,no
3,4,aug,sun,91.6,181.3,613,7.6,24.6,44,4,0,3.2,extreme,extreme,extreme,low,1.435084525,1.435084525,13.6,no
7,4,sep,thu,89.7,287.2,849.3,6.8,19.4,45,3.6,0,0,high,extreme,extreme,low,0,0,8.4,no
1,3,aug,sat,92.1,178,605.3,9.6,23.3,40,4,0,6.36,extreme,extreme,extreme,low,1.996059933,1.996059933,11.3,no
8,6,aug,thu,94.8,222.4,698.6,13.9,23.9,38,6.7,0,0,extreme,extreme,extreme,high,0,0,11.9,no
2,4,aug,sun,93.6,235.1,723.1,10.1,20.9,66,4.9,0,15.34,extreme,extreme,extreme,high,2.793616089,2.793616089,14.9,no
1,4,aug,fri,90.6,269.8,811.2,5.5,22.2,45,3.6,0,0,extreme,extreme,extreme,low,0,0,11.2,no
2,5,jul,sat,90.8,84.7,376.6,5.6,23.8,51,1.8,0,0,extreme,extreme,extreme,low,0,0,14.8,no
8,6,aug,mon,92.1,207,672.6,8.2,26.8,35,1.3,0,0.54,extreme,extreme,extreme,low,0.431782416,0.431782416,13.8,no
8,6,aug,sat,89.4,253.6,768.4,9.7,14.2,73,2.7,0,0,high,extreme,extreme,low,0,0,9.2,no
2,5,aug,sat,93.7,231.1,715.1,8.4,23.6,53,4,0,6.43,extreme,extreme,extreme,low,2.005525859,2.005525859,14.6,no
1,3,sep,fri,91.1,91.3,738.1,7.2,19.1,46,2.2,0,0.33,extreme,extreme,extreme,low,0.285178942,0.285178942,9.1,no
5,4,sep,fri,90.3,290,855.3,7.4,16.2,58,3.6,0,0,extreme,extreme,extreme,low,0,0,8.2,no
8,6,aug,mon,92.1,207,672.6,8.2,25.5,29,1.8,0,1.23,extreme,extreme,extreme,low,0.802001585,0.802001585,11.5,no
6,5,apr,mon,87.9,24.9,41.6,3.7,10.9,64,3.1,0,3.35,high,low,low,low,1.470175845,1.470175845,3.9,no
1,2,jul,fri,90.7,80.9,368.3,16.8,14.8,78,8,0,0,extreme,extreme,extreme,extreme,0,0,10.8,no
2,5,sep,fri,90.3,290,855.3,7.4,16.2,58,3.6,0,9.96,extreme,extreme,extreme,low,2.394252282,2.394252282,8.2,no
5,5,aug,sun,94,47.9,100.7,10.7,17.3,80,4.5,0,0,extreme,extreme,low,high,0,0,13.3,no
6,5,aug,sun,92,203.2,664.5,8.1,19.1,70,2.2,0,0,extreme,extreme,extreme,low,0,0,13.1,no
3,4,mar,wed,93.4,17.3,28.3,9.9,8.9,35,8,0,0,extreme,low,low,low,0,0,-4.1,no
7,4,sep,wed,89.7,284.9,844,10.1,10.5,77,4,0,0,high,extreme,extreme,high,0,0,6.5,no
7,4,aug,sun,91.6,181.3,613,7.6,19.3,61,4.9,0,0,extreme,extreme,extreme,low,0,0,12.3,no
4,5,aug,wed,95.2,217.7,690,18,23.4,49,5.4,0,6.43,extreme,extreme,extreme,extreme,2.005525859,2.005525859,13.4,no
1,4,aug,fri,90.5,196.8,649.9,16.3,11.8,88,4.9,0,9.71,extreme,extreme,extreme,extreme,2.371177884,2.371177884,9.8,no
7,4,aug,mon,91.5,238.2,730.6,7.5,17.7,65,4,0,0,extreme,extreme,extreme,low,0,0,10.7,no
4,5,aug,thu,89.4,266.2,803.3,5.6,17.4,54,3.1,0,0,high,extreme,extreme,low,0,0,8.4,no
3,4,aug,thu,91.6,248.4,753.8,6.3,16.8,56,3.1,0,0,extreme,extreme,extreme,low,0,0,8.8,no
3,4,jul,mon,94.6,160,567.2,16.7,17.9,48,2.7,0,0,extreme,extreme,extreme,extreme,0,0,7.9,no
2,4,aug,thu,91.6,248.4,753.8,6.3,16.6,59,2.7,0,0,extreme,extreme,extreme,low,0,0,8.6,no
1,4,aug,wed,91.7,191.4,635.9,7.8,19.9,50,4,0,82.75,extreme,extreme,extreme,low,4.427836171,4.427836171,9.9,no
8,6,aug,sat,93.7,231.1,715.1,8.4,18.9,64,4.9,0,3.32,extreme,extreme,extreme,low,1.463255402,1.463255402,11.9,no
7,4,aug,sat,91.6,273.8,819.1,7.7,15.5,72,8,0,1.94,extreme,extreme,extreme,low,1.078409581,1.078409581,10.5,no
2,5,aug,sat,93.7,231.1,715.1,8.4,18.9,64,4.9,0,0,extreme,extreme,extreme,low,0,0,11.9,no
8,6,aug,sat,93.7,231.1,715.1,8.4,18.9,64,4.9,0,0,extreme,extreme,extreme,low,0,0,11.9,no
1,4,sep,sun,91,276.3,825.1,7.1,14.5,76,7.6,0,3.71,extreme,extreme,extreme,low,1.549687908,1.549687908,10.5,no
6,5,feb,tue,75.1,4.4,16.2,1.9,4.6,82,6.3,0,5.39,high,low,low,low,1.854734268,1.854734268,1.6,no
6,4,feb,tue,75.1,4.4,16.2,1.9,5.1,77,5.4,0,2.14,high,low,low,low,1.1442228,1.1442228,1.1,no
2,2,feb,sat,79.5,3.6,15.3,1.8,4.6,59,0.9,0,6.84,high,low,low,low,2.059238834,2.059238834,-3.4,no
6,5,mar,mon,87.2,15.1,36.9,7.1,10.2,45,5.8,0,3.18,high,low,low,low,1.430311247,1.430311247,-0.8,no
3,4,mar,wed,90.2,18.5,41.1,7.3,11.2,41,5.4,0,5.55,extreme,low,low,low,1.87946505,1.87946505,0.2,no
6,5,mar,thu,91.3,20.6,43.5,8.5,13.3,27,3.6,0,6.61,extreme,low,low,low,2.029463172,2.029463172,-0.7,no
6,3,apr,sun,91,14.6,25.6,12.3,13.7,33,9.4,0,61.13,extreme,low,low,high,4.129228964,4.129228964,0.7,no
5,4,apr,sun,91,14.6,25.6,12.3,17.6,27,5.8,0,0,extreme,low,low,high,0,0,3.6,no
4,3,may,fri,89.6,25.4,73.7,5.7,18,40,4,0,38.48,high,low,low,low,3.675794215,3.675794215,6,no
8,3,jun,mon,88.2,96.2,229,4.7,14.3,79,4,0,1.94,high,extreme,high,low,1.078409581,1.078409581,10.3,no
9,4,jun,sat,90.5,61.1,252.6,9.4,24.5,50,3.1,0,70.32,extreme,extreme,high,low,4.267176793,4.267176793,14.5,no
4,3,jun,thu,93,103.8,316.7,10.8,26.4,35,2.7,0,10.08,extreme,extreme,extreme,high,2.405141681,2.405141681,13.4,no
2,5,jun,thu,93.7,121.7,350.2,18,22.7,40,9.4,0,3.19,extreme,extreme,extreme,extreme,1.432700734,1.432700734,10.7,no
4,3,jul,thu,93.5,85.3,395,9.9,27.2,28,1.3,0,1.76,extreme,extreme,extreme,low,1.01523068,1.01523068,13.2,no
4,3,jul,sun,93.7,101.3,423.4,14.7,26.1,45,4,0,7.36,extreme,extreme,extreme,high,2.123458427,2.123458427,15.1,no
7,4,jul,sun,93.7,101.3,423.4,14.7,18.2,82,4.5,0,2.21,extreme,extreme,extreme,high,1.166270937,1.166270937,15.2,no
7,4,jul,mon,89.2,103.9,431.6,6.4,22.6,57,4.9,0,278.53,high,extreme,extreme,low,5.633109621,5.633109621,14.6,no
9,9,jul,thu,93.2,114.4,560,9.5,30.2,25,4.5,0,2.75,extreme,extreme,extreme,low,1.32175584,1.32175584,15.2,no
4,3,jul,thu,93.2,114.4,560,9.5,30.2,22,4.9,0,0,extreme,extreme,extreme,low,0,0,15.2,no
3,4,aug,sun,94.9,130.3,587.1,14.1,23.4,40,5.8,0,1.29,extreme,extreme,extreme,high,0.828551818,0.828551818,11.4,no
8,6,aug,sun,94.9,130.3,587.1,14.1,31,27,5.4,0,0,extreme,extreme,extreme,high,0,0,17,no
2,5,aug,sun,94.9,130.3,587.1,14.1,33.1,25,4,0,26.43,extreme,extreme,extreme,high,3.311637305,3.311637305,18.1,no
2,4,aug,mon,95,135.5,596.3,21.3,30.6,28,3.6,0,2.07,extreme,extreme,extreme,extreme,1.121677562,1.121677562,16.6,no
5,4,aug,tue,95.1,141.3,605.8,17.7,24.1,43,6.3,0,2,extreme,extreme,extreme,extreme,1.098612289,1.098612289,13.1,no
5,4,aug,tue,95.1,141.3,605.8,17.7,26.4,34,3.6,0,16.4,extreme,extreme,extreme,extreme,2.856470206,2.856470206,13.4,no
4,4,aug,tue,95.1,141.3,605.8,17.7,19.4,71,7.6,0,46.7,extreme,extreme,extreme,extreme,3.864931398,3.864931398,14.4,no
4,4,aug,wed,95.1,141.3,605.8,17.7,20.6,58,1.3,0,0,extreme,extreme,extreme,extreme,0,0,12.6,no
4,4,aug,wed,95.1,141.3,605.8,17.7,28.7,33,4,0,0,extreme,extreme,extreme,extreme,0,0,15.7,no
4,4,aug,thu,95.8,152,624.1,13.8,32.4,21,4.5,0,0,extreme,extreme,extreme,high,0,0,17.4,no
1,3,aug,fri,95.9,158,633.6,11.3,32.4,27,2.2,0,0,extreme,extreme,extreme,high,0,0,18.4,no
1,3,aug,fri,95.9,158,633.6,11.3,27.5,29,4.5,0,43.32,extreme,extreme,extreme,high,3.791436042,3.791436042,13.5,no
6,6,aug,sat,96,164,643,14,30.8,30,4.9,0,8.59,extreme,extreme,extreme,high,2.260720889,2.260720889,16.8,no
6,6,aug,mon,96.2,175.5,661.8,16.8,23.9,42,2.2,0,0,extreme,extreme,extreme,extreme,0,0,12.9,no
4,5,aug,mon,96.2,175.5,661.8,16.8,32.6,26,3.1,0,2.77,extreme,extreme,extreme,extreme,1.327075001,1.327075001,18.6,no
3,4,aug,tue,96.1,181.1,671.2,14.3,32.3,27,2.2,0,14.68,extreme,extreme,extreme,high,2.752386015,2.752386015,18.3,no
6,5,aug,tue,96.1,181.1,671.2,14.3,33.3,26,2.7,0,40.54,extreme,extreme,extreme,high,3.726656818,3.726656818,19.3,no
7,5,aug,tue,96.1,181.1,671.2,14.3,27.3,63,4.9,6.4,10.82,extreme,extreme,extreme,high,2.469793012,2.469793012,20.3,yes
8,6,aug,tue,96.1,181.1,671.2,14.3,21.6,65,4.9,0.8,0,extreme,extreme,extreme,high,0,0,14.6,yes
7,5,aug,tue,96.1,181.1,671.2,14.3,21.6,65,4.9,0.8,0,extreme,extreme,extreme,high,0,0,14.6,yes
4,4,aug,tue,96.1,181.1,671.2,14.3,20.7,69,4.9,0.4,0,extreme,extreme,extreme,high,0,0,14.7,yes
2,4,aug,wed,94.5,139.4,689.1,20,29.2,30,4.9,0,1.95,extreme,extreme,extreme,extreme,1.08180517,1.08180517,15.2,no
4,3,aug,wed,94.5,139.4,689.1,20,28.9,29,4.9,0,49.59,extreme,extreme,extreme,extreme,3.923753928,3.923753928,14.9,no
1,2,aug,thu,91,163.2,744.4,10.1,26.7,35,1.8,0,5.8,extreme,extreme,extreme,high,1.916922612,1.916922612,13.7,no
1,2,aug,fri,91,166.9,752.6,7.1,18.5,73,8.5,0,0,extreme,extreme,extreme,low,0,0,13.5,no
2,4,aug,fri,91,166.9,752.6,7.1,25.9,41,3.6,0,0,extreme,extreme,extreme,low,0,0,14.9,no
1,2,aug,fri,91,166.9,752.6,7.1,25.9,41,3.6,0,0,extreme,extreme,extreme,low,0,0,14.9,no
5,4,aug,fri,91,166.9,752.6,7.1,21.1,71,7.6,1.4,2.17,extreme,extreme,extreme,low,1.153731588,1.153731588,16.1,yes
6,5,aug,fri,91,166.9,752.6,7.1,18.2,62,5.4,0,0.43,extreme,extreme,extreme,low,0.357674444,0.357674444,11.2,no
8,6,aug,sun,81.6,56.7,665.6,1.9,27.8,35,2.7,0,0,high,extreme,extreme,low,0,0,14.8,no
4,3,aug,sun,81.6,56.7,665.6,1.9,27.8,32,2.7,0,6.44,high,extreme,extreme,low,2.006870849,2.006870849,14.8,no
2,4,aug,sun,81.6,56.7,665.6,1.9,21.9,71,5.8,0,54.29,high,extreme,extreme,low,4.01259206,4.01259206,16.9,no
7,4,aug,sun,81.6,56.7,665.6,1.9,21.2,70,6.7,0,11.16,high,extreme,extreme,low,2.498151877,2.498151877,15.2,no
1,4,aug,sat,94.4,146,614.7,11.3,25.6,42,4,0,0,extreme,extreme,extreme,high,0,0,14.6,no
6,3,nov,tue,79.5,3,106.7,1.1,11.8,31,4.5,0,0,high,low,low,low,0,0,-1.2,no
